Date,Canara,hdfc,ppfas,uti
05-Mar-2018,151.17,56.109,23.787,67.1197
06-Mar-2018,150.09,55.452,23.8103,66.4163
07-Mar-2018,149.29,54.721,23.7273,65.8121
08-Mar-2018,149.83,55.281,23.8123,66.3821
09-Mar-2018,149.82,54.839,23.8226,66.2834
12-Mar-2018,151.31,55.453,24.0299,67.5292
13-Mar-2018,151.72,55.789,24.0771,67.5776
14-Mar-2018,151.57,55.69,23.93,67.4771
15-Mar-2018,151.19,55.591,23.9856,67.1514
16-Mar-2018,149.81,54.783,23.839,66.1344
19-Mar-2018,148.71,54.174,23.6366,65.4873
20-Mar-2018,148.96,54.349,23.4615,65.746
21-Mar-2018,149.37,54.402,23.4188,65.9453
22-Mar-2018,148.98,53.633,23.3215,65.6935
23-Mar-2018,148.12,52.975,22.9944,64.9416
26-Mar-2018,149.26,53.61,23.0584,65.7954
27-Mar-2018,150.28,54.029,23.1745,66.1355
28-Mar-2018,149.8,53.627,22.9248,65.6838
02-Apr-2018,151.03,54.106,23.1121,66.2896
03-Apr-2018,151.78,54.588,23.0664,66.4928
04-Apr-2018,150.62,53.895,23.0448,65.748
05-Apr-2018,152.57,55.056,23.2377,66.9996
06-Apr-2018,152.79,55.247,23.4551,67.0407
09-Apr-2018,153.32,55.3,23.4644,67.3489
10-Apr-2018,153.06,55.663,23.499,67.4967
11-Apr-2018,153.05,55.431,23.5595,67.5924
12-Apr-2018,153.36,55.436,23.5754,67.8616
13-Apr-2018,153.43,55.267,23.6301,68.0032
16-Apr-2018,154.11,55.181,23.6884,68.3093
17-Apr-2018,154.55,55.299,23.7419,68.4422
18-Apr-2018,154.28,55.219,23.7885,68.2958
19-Apr-2018,154.72,55.195,23.7685,68.5497
20-Apr-2018,154.46,54.895,23.848,68.5413
23-Apr-2018,154.68,55.007,23.7761,68.6747
24-Apr-2018,155.18,54.803,23.8781,68.8666
25-Apr-2018,154.61,54.276,23.6817,68.5829
26-Apr-2018,154.91,54.143,23.697,68.8886
27-Apr-2018,155.61,54.695,23.9822,69.3703
30-Apr-2018,156.13,55.211,24.1046,69.6738
02-May-2018,155.71,54.834,23.9507,69.5413
03-May-2018,154.98,54.431,23.8823,69.2934
04-May-2018,154.58,54.438,23.8201,68.8977
07-May-2018,155.39,54.74,23.9446,69.5251
08-May-2018,155.51,54.896,23.985,69.5401
09-May-2018,155.32,54.841,24.0225,69.6961
10-May-2018,154.7,54.496,24.046,69.5333
11-May-2018,155.72,54.837,24.1926,70.1135
14-May-2018,155.56,54.843,24.2366,70.1137
15-May-2018,155.41,54.433,24.2909,70.0829
16-May-2018,154.85,53.957,24.2766,69.6902
17-May-2018,154.68,53.909,24.3748,69.3125
18-May-2018,154.22,52.871,24.2885,68.7549
21-May-2018,152.99,52.285,24.0117,68.2401
22-May-2018,153.41,52.723,24.2693,68.3689
23-May-2018,152.64,52.262,24.1905,67.6813
24-May-2018,153,52.458,24.2017,68.2199
25-May-2018,154.25,52.911,24.298,68.8756
28-May-2018,155.1,53.939,24.3155,69.4115
29-May-2018,154.53,53.54,24.2944,69.0529
30-May-2018,154.37,53.051,24.2946,68.93
31-May-2018,155.1,53.327,24.293,69.7849
01-Jun-2018,154.35,52.914,24.2655,69.5263
04-Jun-2018,153.5,52.545,24.2593,69.0963
05-Jun-2018,153.01,52.239,24.1523,68.8674
06-Jun-2018,153.8,52.528,24.2372,69.4571
07-Jun-2018,154.83,52.912,24.3553,69.9978
08-Jun-2018,154.87,52.923,24.4881,69.9932
11-Jun-2018,155.05,52.923,24.6082,70.1172
12-Jun-2018,155.53,53.169,24.8178,70.4781
13-Jun-2018,155.41,53.153,24.7997,70.5666
14-Jun-2018,155.15,53.042,24.8297,70.351
15-Jun-2018,155.07,52.904,24.8694,70.4136
18-Jun-2018,154.56,52.84,24.9431,70.2978
19-Jun-2018,153.7,52.551,24.9404,69.7205
20-Jun-2018,154.27,52.666,24.9442,70.1182
21-Jun-2018,154.08,52.519,25.0151,69.9315
22-Jun-2018,154.73,52.699,24.9886,70.4548
25-Jun-2018,154.23,52.392,25.029,70.0697
26-Jun-2018,154.3,52.372,24.7693,70.1126
27-Jun-2018,153.21,51.977,24.6289,69.5137
28-Jun-2018,152.17,51.545,24.3044,68.9811
29-Jun-2018,153.65,52.041,24.4894,69.7923
02-Jul-2018,153.33,51.901,24.487,69.4222
03-Jul-2018,154,52.029,24.566,69.6984
04-Jul-2018,154.73,52.142,24.7756,70.1512
05-Jul-2018,154.58,51.992,24.8273,70.0479
06-Jul-2018,154.77,52.188,25.0613,70.195
09-Jul-2018,155.64,52.578,25.261,70.7132
10-Jul-2018,156.64,52.82,25.3657,71.3268
11-Jul-2018,156.44,52.673,25.3064,71.3426
12-Jul-2018,157.11,52.765,25.3093,71.8408
13-Jul-2018,157.25,52.571,25.3257,71.8106
16-Jul-2018,156.13,52.094,25.1669,71.2813
17-Jul-2018,156.54,52.556,25.2035,71.7503
18-Jul-2018,156.2,52.298,25.2953,71.5768
19-Jul-2018,156.01,52.183,25.296,71.4888
20-Jul-2018,156.98,52.418,25.451,71.8332
23-Jul-2018,158.12,52.805,25.4632,72.3185
24-Jul-2018,158.66,53.214,25.5762,72.639
25-Jul-2018,158.95,53.14,25.6847,72.6221
26-Jul-2018,159.17,53.423,25.807,72.8666
27-Jul-2018,159.97,53.779,25.6163,73.585
30-Jul-2018,160.22,53.99,25.5139,73.854
31-Jul-2018,160.7,53.979,25.4667,74.094
01-Aug-2018,160.55,53.936,25.4946,74.027
02-Aug-2018,159.79,53.847,25.4975,73.3772
03-Aug-2018,160.69,54.236,25.772,74.1299
06-Aug-2018,160.75,54.424,25.8349,74.3003
07-Aug-2018,160.9,54.379,25.9508,74.3153
08-Aug-2018,161.27,54.516,25.9868,74.7082
09-Aug-2018,161.46,54.721,26.0032,74.8477
10-Aug-2018,161,54.53,25.9092,74.5795
13-Aug-2018,160.28,54.157,25.7608,74.108
14-Aug-2018,161.21,54.298,25.9312,74.6734
16-Aug-2018,160.74,54.183,26.0185,74.3477
17-Aug-2018,161.71,54.499,26.0426,74.9047
20-Aug-2018,162.34,54.737,26.0423,75.4359
21-Aug-2018,162.65,54.807,26.0474,75.5579
23-Aug-2018,162.98,54.723,26.0969,75.6333
24-Aug-2018,162.64,54.642,26.0619,75.4811
27-Aug-2018,163.75,54.982,26.2572,76.357
28-Aug-2018,164.04,55.051,26.424,76.6597
29-Aug-2018,163.74,55.022,26.4529,76.3549
30-Aug-2018,163.67,55.144,26.5161,76.2586
31-Aug-2018,163.71,55.288,26.4697,76.2956
03-Sep-2018,162.53,54.97,26.3399,75.6551
04-Sep-2018,161.22,54.482,26.2316,75.2513
05-Sep-2018,160.67,54.293,25.9845,74.9682
06-Sep-2018,161.17,54.592,26.0822,75.3706
07-Sep-2018,161.98,54.789,26.1159,75.7096
10-Sep-2018,160.4,54.348,25.9784,74.7359
11-Sep-2018,158.83,53.816,25.889,73.7555
12-Sep-2018,159.47,53.93,25.8616,74.294
14-Sep-2018,160.78,54.517,25.9212,75.2394
17-Sep-2018,159.34,54.175,25.7486,74.3468
18-Sep-2018,158.28,53.567,25.5631,73.7027
19-Sep-2018,157.74,53.374,25.5436,73.4172
21-Sep-2018,156.65,52.876,25.4779,72.8224
24-Sep-2018,155.12,52.189,25.2504,71.6742
25-Sep-2018,156.09,52.395,25.296,72.3257
26-Sep-2018,156.24,52.48,25.2972,72.2363
27-Sep-2018,155.35,52.132,25.1033,71.7401
28-Sep-2018,154.92,51.917,25.0927,71.4345
01-Oct-2018,155.3,52.203,25.0111,71.9448
03-Oct-2018,153.57,51.868,24.8945,70.9688
04-Oct-2018,151.42,51.136,24.7645,69.2789
05-Oct-2018,149.03,50.358,24.3539,67.4384
08-Oct-2018,148.88,50.077,24.0456,67.6431
09-Oct-2018,148.4,49.936,24.0259,67.3368
10-Oct-2018,150.84,50.729,24.2182,68.3708
11-Oct-2018,148.44,50.107,23.7732,66.903
12-Oct-2018,150.99,50.848,23.904,68.4436
15-Oct-2018,151.34,51.086,24.0684,68.7032
16-Oct-2018,152.26,51.463,24.1122,69.1728
17-Oct-2018,150.76,50.953,24.1226,68.3149
19-Oct-2018,149.6,50.631,23.8373,67.3398
22-Oct-2018,148.65,50.532,23.6998,66.9571
23-Oct-2018,147.55,50.248,23.6342,66.3218
24-Oct-2018,148.18,50.451,23.6359,66.8282
25-Oct-2018,147.69,50.13,23.2909,66.2375
26-Oct-2018,147.12,49.929,23.4248,65.6193
29-Oct-2018,149.71,50.741,23.4989,67.0657
30-Oct-2018,149.77,50.673,23.3472,66.7249
31-Oct-2018,151.64,51.384,23.6279,67.952
01-Nov-2018,152.01,51.615,23.8388,67.9209
02-Nov-2018,153.19,52.101,23.8364,69.0464
05-Nov-2018,153.27,51.929,23.7599,68.8622
06-Nov-2018,152.98,51.813,23.5384,68.9008
09-Nov-2018,153.7,52.157,23.705,69.2596
12-Nov-2018,152.98,51.794,23.6286,68.5884
13-Nov-2018,153.91,52.002,23.5216,69.243
14-Nov-2018,153.97,52.208,23.5227,69.2026
15-Nov-2018,154.68,52.35,23.6072,69.4659
16-Nov-2018,155.1,52.477,23.8317,69.893
19-Nov-2018,155.49,52.772,23.8412,70.4217
20-Nov-2018,154.61,52.411,23.5392,69.7215
21-Nov-2018,154.31,52.35,23.514,69.355
22-Nov-2018,153.74,52.133,23.59,68.8765
26-Nov-2018,154.59,52.432,23.6178,69.5412
27-Nov-2018,155.23,52.54,23.7984,69.913
28-Nov-2018,155.57,52.589,23.8769,70.1954
29-Nov-2018,156.64,52.914,24.043,71.0431
30-Nov-2018,156.9,52.952,24.1532,71.1606
03-Dec-2018,156.97,52.958,24.2018,71.2058
04-Dec-2018,157.07,53.024,24.2282,71.1124
05-Dec-2018,156.23,52.752,23.9598,70.5457
06-Dec-2018,154.62,52.269,23.9116,69.3579
07-Dec-2018,155.34,52.401,23.9702,69.961
10-Dec-2018,153.27,51.762,23.744,68.6204
11-Dec-2018,154.22,51.924,23.8208,69.015
12-Dec-2018,156.08,52.674,24.0439,70.2402
13-Dec-2018,156.68,52.876,24.198,70.5915
14-Dec-2018,156.92,52.891,24.1537,70.6816
17-Dec-2018,157.35,53.213,24.1146,71.222
18-Dec-2018,157.66,53.241,24.0203,71.3545
19-Dec-2018,158.68,53.634,24.1616,71.7371
20-Dec-2018,158.37,53.551,24.0753,71.6345
21-Dec-2018,156.57,53.047,23.8979,70.3657
24-Dec-2018,155.75,52.743,23.6853,69.7739
26-Dec-2018,156.28,52.928,23.6402,70.2065
27-Dec-2018,156.78,52.99,23.9137,70.5317
28-Dec-2018,157.49,53.303,24.0258,71.0741
31-Dec-2018,157.73,53.415,24.0551,71.0902
01-Jan-2019,158.04,53.643,24.1411,71.401
02-Jan-2019,157.37,53.311,24.0361,70.6327
03-Jan-2019,156.53,52.943,24.0002,69.847
04-Jan-2019,156.74,53.135,23.7828,70.2065
07-Jan-2019,157.17,53.247,23.9844,70.5003
08-Jan-2019,157.49,53.378,24.0359,70.694
09-Jan-2019,157.98,53.547,24.1682,71.039
10-Jan-2019,158.02,53.538,24.223,70.8194
11-Jan-2019,157.78,53.488,24.2701,70.6451
14-Jan-2019,157.21,53.336,24.2054,70.27
15-Jan-2019,158.17,53.638,24.1879,71.2438
16-Jan-2019,158.15,53.665,24.2797,71.2663
17-Jan-2019,158.31,53.641,24.3106,71.3704
18-Jan-2019,158.13,53.507,24.2547,71.3815
21-Jan-2019,158.52,53.538,24.3072,71.7398
22-Jan-2019,158.34,53.371,24.2741,71.484
23-Jan-2019,157.65,53.06,24.1475,70.8876
24-Jan-2019,157.7,53.09,24.196,71.0317
25-Jan-2019,156.93,52.89,24.1299,70.5789
28-Jan-2019,155.7,52.455,24.0831,69.8006
29-Jan-2019,155.63,52.478,24.0384,69.7415
30-Jan-2019,156.25,52.684,24.1769,69.7385
31-Jan-2019,158.09,53.178,24.36,70.9093
01-Feb-2019,158.42,53.154,24.7014,71.3186
04-Feb-2019,158.73,53.02,24.7521,71.4397
05-Feb-2019,158.92,52.936,24.843,71.585
06-Feb-2019,159.78,53.131,24.9593,72.441
07-Feb-2019,160,53.229,24.975,72.4861
08-Feb-2019,159.01,52.811,24.7221,71.6638
11-Feb-2019,158.11,52.676,24.7042,71.3214
12-Feb-2019,157.61,52.432,24.6497,70.9551
13-Feb-2019,157.29,52.283,24.7591,70.7078
14-Feb-2019,156.65,52.214,24.8092,70.4039
15-Feb-2019,156.24,52.123,24.7053,70.2618
18-Feb-2019,155.35,51.878,24.6162,69.7143
19-Feb-2019,155.3,51.855,24.6488,69.4745
20-Feb-2019,156.38,52.256,24.7077,70.3339
21-Feb-2019,157.07,52.444,24.7609,70.7047
22-Feb-2019,157.06,52.494,24.677,70.716
25-Feb-2019,157.84,52.796,24.8137,71.2942
26-Feb-2019,157.48,52.576,24.8863,71.0005
27-Feb-2019,157.4,52.523,24.9483,70.813
28-Feb-2019,157.74,52.666,24.9276,70.7465
01-Mar-2019,158.48,53.101,24.9816,71.2109
05-Mar-2019,159.99,53.761,25.2455,72.0221
06-Mar-2019,160.61,54.004,25.2795,72.4513
07-Mar-2019,160.88,54.107,25.2726,72.4854
08-Mar-2019,160.87,54.061,25.1803,72.3357
11-Mar-2019,162.3,54.609,25.369,73.2045
12-Mar-2019,163.61,55.175,25.6917,74.0766
13-Mar-2019,163.9,55.35,25.6122,74.3479
14-Mar-2019,163.84,55.368,25.6426,74.3786
15-Mar-2019,164.45,55.645,25.6512,74.9361
18-Mar-2019,164.77,55.695,25.5595,75.1675
19-Mar-2019,165.29,55.944,25.5763,75.6279
20-Mar-2019,165.02,55.967,25.6223,75.552
22-Mar-2019,164.58,55.754,25.6598,75.1471
25-Mar-2019,163.54,55.441,25.4415,74.4731
26-Mar-2019,164.96,55.807,25.5237,75.3183
27-Mar-2019,164.81,55.897,25.5355,75.0718
28-Mar-2019,166.22,56.376,25.7546,75.8922
29-Mar-2019,166.9,56.7,25.7309,76.245
01-Apr-2019,167.17,56.789,25.71,76.5428
02-Apr-2019,167.44,56.999,25.825,76.8327
03-Apr-2019,166.57,56.626,25.8185,76.3765
04-Apr-2019,166.1,56.471,25.783,76.0741
05-Apr-2019,166.64,56.655,25.9271,76.519
08-Apr-2019,166.04,56.436,25.8314,76.1166
09-Apr-2019,166.34,56.575,25.8404,76.5576
10-Apr-2019,165.75,56.313,25.7843,75.9836
11-Apr-2019,165.6,56.218,25.7837,76.0645
12-Apr-2019,166.03,56.315,25.8412,76.3703
15-Apr-2019,166.39,56.382,25.9122,76.6768
16-Apr-2019,167.24,56.681,26.0332,77.3102
18-Apr-2019,166.91,56.381,26.1428,77.0849
22-Apr-2019,165.57,55.822,26.0766,76.047
23-Apr-2019,165.46,55.708,26.1443,75.9254
24-Apr-2019,166.5,56.064,26.2391,76.9101
25-Apr-2019,165.8,55.842,26.1283,76.3567
26-Apr-2019,166.68,56.295,26.1996,77.0964
30-Apr-2019,166.87,56.087,26.0999,77.0538
02-May-2019,166.3,55.954,25.8902,76.9003
03-May-2019,166.22,55.957,25.8615,76.8179
06-May-2019,165.04,55.642,25.8424,76.0692
07-May-2019,164.26,55.371,25.76,75.4266
08-May-2019,162.94,54.967,25.5004,74.5188
09-May-2019,162.58,54.808,25.4886,74.1402
10-May-2019,162.75,54.795,25.4072,73.9894
13-May-2019,161.51,54.257,25.3097,73.1325
14-May-2019,162.17,54.491,25.2801,73.6159
15-May-2019,161.68,54.288,25.1967,73.1891
16-May-2019,162.39,54.564,25.3881,73.8458
17-May-2019,163.75,54.858,25.5949,74.8293
20-May-2019,167.72,56.314,25.72,77.5888
21-May-2019,166.82,55.983,25.5631,76.8068
22-May-2019,167.04,56.159,25.7381,77.0757
23-May-2019,166.86,56.018,25.6535,76.5454
24-May-2019,169.08,56.994,25.7751,77.7724
27-May-2019,170.95,57.591,25.9745,78.3011
28-May-2019,170.87,57.62,25.9455,78.3316
29-May-2019,169.98,57.262,25.9417,77.8877
30-May-2019,170.75,57.522,25.9255,78.4436
31-May-2019,170.7,57.477,25.8935,78.2919
03-Jun-2019,171.87,57.769,25.9083,79.3845
04-Jun-2019,171.33,57.662,25.6314,78.9756
06-Jun-2019,169.56,56.888,25.6329,77.808
07-Jun-2019,169.85,57.067,25.7479,77.9842
10-Jun-2019,170.24,57.151,25.9311,78.3241
11-Jun-2019,170.62,57.428,26.1658,78.6054
12-Jun-2019,169.95,57.224,26.1397,78.2154
13-Jun-2019,170.17,57.26,26.058,78.337
14-Jun-2019,169.38,57.023,25.9947,77.7419
17-Jun-2019,167.87,56.54,25.852,76.7502
18-Jun-2019,168.34,56.695,25.9534,76.8764
19-Jun-2019,168.27,56.585,25.9815,76.8756
20-Jun-2019,169.77,57.071,26.0959,77.8627
21-Jun-2019,168.91,56.868,26.0862,77.1561
24-Jun-2019,168.76,56.87,26.0706,76.995
25-Jun-2019,169.72,57.209,26.116,77.63
26-Jun-2019,170.2,57.456,26.0542,77.9652
27-Jun-2019,170.43,57.433,26.094,77.9245
28-Jun-2019,170.55,57.249,26.0797,77.578
01-Jul-2019,171.11,57.498,26.2343,78.0811
02-Jul-2019,171.3,57.576,26.2872,78.3739
03-Jul-2019,171.3,57.625,26.3563,78.4162
04-Jul-2019,171.45,57.802,26.42,78.6319
05-Jul-2019,170.17,57.396,26.2377,77.7409
08-Jul-2019,167.57,56.589,25.9126,76.0872
09-Jul-2019,167.62,56.601,25.916,76.0684
10-Jul-2019,167.11,56.415,25.8704,75.6957
11-Jul-2019,167.64,56.666,26.0614,76.2617
12-Jul-2019,167.45,56.633,26.0614,76.0634
15-Jul-2019,167.39,56.589,26.0776,76.3054
16-Jul-2019,168.12,56.869,26.1682,76.8074
17-Jul-2019,168.36,56.915,26.1404,76.9709
18-Jul-2019,167.41,56.603,26.0274,76.3874
19-Jul-2019,165.8,56.008,25.7246,75.2667
22-Jul-2019,164.83,55.705,25.5424,74.7954
23-Jul-2019,164.74,55.605,25.61,74.6947
24-Jul-2019,164.2,55.365,25.4847,74.3403
25-Jul-2019,164.08,55.332,25.5733,74.2279
26-Jul-2019,164.5,55.309,25.5915,74.4393
29-Jul-2019,163.9,55.017,25.7339,73.8163
30-Jul-2019,163.18,54.708,25.5037,73.1322
31-Jul-2019,163.36,54.948,25.4959,73.349
01-Aug-2019,162.08,54.389,25.2207,72.4597
02-Aug-2019,162.25,54.341,25.3326,72.6097
05-Aug-2019,160.89,53.825,25.0866,71.7214
06-Aug-2019,162.2,54.296,25.0166,72.2853
07-Aug-2019,161.68,53.965,25.122,71.674
08-Aug-2019,162.59,54.52,25.2781,72.8539
09-Aug-2019,163.48,54.702,25.6017,73.3625
13-Aug-2019,161.11,53.911,25.1758,72.1671
14-Aug-2019,161.97,54.34,25.3405,72.8717
16-Aug-2019,162.11,54.337,25.2151,72.9928
19-Aug-2019,162.46,54.442,25.3342,73.0464
20-Aug-2019,162.02,54.17,25.4496,72.8073
21-Aug-2019,161.31,53.673,25.3425,72.173
22-Aug-2019,159.94,53.023,25.3023,71.0167
23-Aug-2019,160.32,53.293,25.2568,71.5971
26-Aug-2019,162.91,54.137,25.313,73.1044
27-Aug-2019,163.75,54.405,25.4362,73.4179
28-Aug-2019,163.03,54.295,25.387,73.0265
29-Aug-2019,162.2,53.968,25.3295,72.3804
30-Aug-2019,163.01,54.197,25.4665,72.8747
03-Sep-2019,160.82,53.534,25.3389,71.3859
04-Sep-2019,161.16,53.804,25.3484,71.6942
05-Sep-2019,161.04,53.891,25.4532,71.7151
06-Sep-2019,162.02,54.163,25.734,72.3654
09-Sep-2019,163.04,54.376,25.8772,72.74
11-Sep-2019,163.1,54.533,25.9175,72.9558
12-Sep-2019,162.89,54.498,26.0158,72.6062
13-Sep-2019,163.77,54.781,26.1602,73.2207
16-Sep-2019,163.36,54.513,26.109,72.7418
17-Sep-2019,161.63,53.807,25.711,71.5111
18-Sep-2019,161.88,53.944,25.7089,71.6633
19-Sep-2019,160.69,53.503,25.5236,70.7656
20-Sep-2019,166.63,55.4,26.3088,74.5246
23-Sep-2019,170.8,56.628,26.8904,76.6795
24-Sep-2019,170.36,56.515,26.8561,76.6001
25-Sep-2019,168.99,55.938,26.4824,75.6218
26-Sep-2019,170.38,56.32,26.5801,76.487
27-Sep-2019,170.17,56.131,26.5103,76.0976
30-Sep-2019,169.59,55.96,26.3261,75.8464
01-Oct-2019,168.66,55.461,26.2316,75.0899
03-Oct-2019,167.98,55.298,25.8942,74.7857
04-Oct-2019,166.3,54.755,25.7689,73.8649
07-Oct-2019,166.07,54.36,25.8835,73.5444
09-Oct-2019,168.05,54.964,25.925,74.7791
10-Oct-2019,167.31,54.578,25.834,74.2582
11-Oct-2019,168.07,54.78,25.8414,74.7239
14-Oct-2019,168.88,54.903,26.1267,74.9618
15-Oct-2019,169.54,55.008,26.2751,75.5373
16-Oct-2019,169.92,55.13,26.4987,75.7729
17-Oct-2019,171.08,55.521,26.6704,76.6569
18-Oct-2019,172.08,55.895,26.9315,77.1553
22-Oct-2019,172.03,55.653,26.9211,76.6692
23-Oct-2019,172.59,55.73,26.8555,76.8326
24-Oct-2019,173,55.586,26.9283,76.6901
25-Oct-2019,172.92,55.661,26.9314,76.6984
29-Oct-2019,174.54,56.301,27.2798,78.0405
30-Oct-2019,174.96,56.418,27.2242,78.4211
31-Oct-2019,174.92,56.642,27.2633,78.644
01-Nov-2019,174.93,56.849,27.3842,78.7307
04-Nov-2019,175.25,57.016,27.4128,79.066
05-Nov-2019,174.73,56.853,27.4531,78.9067
06-Nov-2019,174.99,56.975,27.5429,79.2295
07-Nov-2019,175.43,57.04,27.5114,79.5344
08-Nov-2019,174.95,56.734,27.444,78.8455
11-Nov-2019,175.26,56.836,27.394,78.8799
13-Nov-2019,174.76,56.426,27.2241,78.397
14-Nov-2019,175.16,56.529,27.3661,78.6064
15-Nov-2019,175.71,56.734,27.3939,78.7607
18-Nov-2019,175.65,56.814,27.4351,78.6874
19-Nov-2019,175.68,57.056,27.4934,79.0554
20-Nov-2019,175.98,57.302,27.5405,79.4461
21-Nov-2019,175.78,57.14,27.501,79.2425
22-Nov-2019,174.88,56.926,27.3172,78.8852
25-Nov-2019,176.21,57.413,27.4561,79.94
26-Nov-2019,176.1,57.261,27.4802,79.7016
27-Nov-2019,176.51,57.384,27.5309,80.1187
28-Nov-2019,176.99,57.731,27.6738,80.4526
29-Nov-2019,176.44,57.528,27.5924,79.8235
02-Dec-2019,176.4,57.448,27.4199,79.7717
03-Dec-2019,176.19,57.149,27.2169,79.4138
04-Dec-2019,176.87,57.392,27.3319,79.7382
05-Dec-2019,176.76,57.225,27.2961,79.5736
06-Dec-2019,176.06,56.812,27.155,78.932
09-Dec-2019,176.04,56.906,27.2653,79.037
10-Dec-2019,175.39,56.602,27.1301,78.5058
11-Dec-2019,175.87,56.641,27.1332,78.8587
12-Dec-2019,176.42,56.861,27.2358,79.2666
13-Dec-2019,177.26,57.281,27.2862,80.023
16-Dec-2019,177.05,57.215,27.1952,79.8058
17-Dec-2019,177.93,57.599,27.3519,80.5404
18-Dec-2019,178.1,57.716,27.4085,80.9158
19-Dec-2019,178.22,57.706,27.4748,81.1706
20-Dec-2019,178.37,57.82,27.5945,81.2508
23-Dec-2019,178.34,57.861,27.6495,81.1891
24-Dec-2019,178.11,57.753,27.7282,80.8703
26-Dec-2019,177.68,57.515,27.6213,80.2871
27-Dec-2019,178.66,58.031,27.8783,81.0763
30-Dec-2019,178.75,58.05,27.8969,81.1426
31-Dec-2019,178.19,57.81,27.7455,80.5638
01-Jan-2020,178.39,57.972,27.8018,80.6569
02-Jan-2020,179.14,58.474,27.9504,81.3165
03-Jan-2020,178.76,58.271,27.9797,80.9485
06-Jan-2020,176.74,57.34,27.6539,79.4017
07-Jan-2020,177.51,57.52,27.764,79.798
08-Jan-2020,177.71,57.41,27.8038,79.6143
09-Jan-2020,179.53,58.198,28.0164,80.8753
10-Jan-2020,179.97,58.213,28.0776,81.146
13-Jan-2020,180.76,58.504,28.0895,81.628
14-Jan-2020,181.12,58.659,28.2853,81.8441
15-Jan-2020,181.5,58.602,28.3599,81.718
16-Jan-2020,182.08,58.702,28.4077,81.7986
17-Jan-2020,182.33,58.743,28.5285,81.7772
20-Jan-2020,181.34,58.508,28.4998,80.9313
21-Jan-2020,180.9,58.345,28.4558,80.5692
22-Jan-2020,180.27,58.102,28.4956,80.1528
23-Jan-2020,181.18,58.413,28.6018,80.6472
24-Jan-2020,182.26,58.587,28.5822,81.1023
27-Jan-2020,181.78,58.212,28.3813,80.2467
28-Jan-2020,181.7,58.04,28.2831,79.8281
29-Jan-2020,182.58,58.304,28.4958,80.31
30-Jan-2020,181.94,58.085,28.4736,79.6899
31-Jan-2020,181.61,57.814,28.436,79.2017
03-Feb-2020,180.19,56.55,28.2736,77.5189
04-Feb-2020,183.22,57.485,28.7975,79.3174
05-Feb-2020,184.4,58.058,28.904,80.0417
06-Feb-2020,185.02,58.325,28.9754,80.3644
07-Feb-2020,185.24,58.281,29.0818,80.0994
10-Feb-2020,184.71,58.095,29.0109,79.6562
11-Feb-2020,185.16,58.262,29.222,80.162
12-Feb-2020,186.06,58.337,29.2645,80.78
13-Feb-2020,186.28,58.164,29.2967,80.6041
14-Feb-2020,186.16,57.972,29.1333,80.1988
17-Feb-2020,185.52,57.633,29.1746,79.77
18-Feb-2020,185.64,57.478,29.0614,79.417
19-Feb-2020,187.51,58.03,29.2707,80.2998
20-Feb-2020,187.48,58.224,29.2508,80.0016
24-Feb-2020,185.32,57.288,28.813,78.3375
25-Feb-2020,185.42,57.168,28.378,78.1285
26-Feb-2020,184.57,56.765,27.9758,77.3359
27-Feb-2020,184.29,56.494,27.9938,77.0362
28-Feb-2020,180.17,55.152,27.1963,74.1716
02-Mar-2020,179.37,54.986,27.0962,73.7295
03-Mar-2020,181.23,55.484,27.575,74.8995
04-Mar-2020,179.7,55.075,27.2193,74.5532
05-Mar-2020,180.12,55.112,27.4586,74.6829
06-Mar-2020,178.36,54.045,26.822,72.8333
09-Mar-2020,173.48,52.386,25.9759,69.2763
11-Mar-2020,173.46,52.18,26.0018,69.3218
12-Mar-2020,164.4,48.905,24.5251,63.5707
13-Mar-2020,167.79,50.293,24.1784,65.9833
16-Mar-2020,160.05,47.769,23.681,60.8903
17-Mar-2020,157.49,46.742,22.798,59.3086
18-Mar-2020,151.08,45.017,22.3825,55.9967
19-Mar-2020,147.78,44.074,21.7693,54.6744
20-Mar-2020,153.42,45.21,22.0954,57.8611
23-Mar-2020,139.33,41.063,20.2032,50.4013
24-Mar-2020,141.85,41.504,20.1555,51.6767
25-Mar-2020,147.53,42.814,21.146,55.0745
26-Mar-2020,151.74,44.194,21.4423,57.2125
27-Mar-2020,152.6,44.776,21.8545,57.332
30-Mar-2020,148.59,43.336,21.277,54.8229
31-Mar-2020,152.34,44.489,21.8587,56.916
01-Apr-2020,148.8,43.456,21.5211,54.639
01-Apr-2020,148.8,43.456,21.5211,54.639
03-Apr-2020,146.57,42.751,21.2603,53.5131
03-Apr-2020,146.57,42.751,21.2603,53.5131
07-Apr-2020,154.08,44.799,22.5687,58.1921
07-Apr-2020,154.08,44.799,22.5687,58.1921
08-Apr-2020,154.72,44.658,22.8569,57.9049
08-Apr-2020,154.72,44.658,22.8569,57.9049
09-Apr-2020,159.03,45.89,23.6191,60.3086
09-Apr-2020,159.03,45.89,23.6191,60.3086
13-Apr-2020,157.67,45.714,23.5496,59.5265
13-Apr-2020,157.67,45.714,23.5496,59.5265
15-Apr-2020,156.96,45.699,23.7747,59.0731
15-Apr-2020,156.96,45.699,23.7747,59.0731
16-Apr-2020,158.03,46.205,23.8418,59.5193
16-Apr-2020,158.03,46.205,23.8418,59.5193
17-Apr-2020,160.98,47.327,24.4395,61.3323
17-Apr-2020,160.98,47.327,24.4395,61.3323
20-Apr-2020,161.26,47.545,24.3951,61.2998
20-Apr-2020,161.26,47.545,24.3951,61.2998
21-Apr-2020,158.37,46.705,23.8037,59.4444
21-Apr-2020,158.37,46.705,23.8037,59.4444
22-Apr-2020,160.14,47.013,23.6475,60.8067
22-Apr-2020,160.14,47.013,23.6475,60.8067
23-Apr-2020,161.36,47.406,23.9724,61.6457
23-Apr-2020,161.36,47.406,23.9724,61.6457
24-Apr-2020,159.77,46.728,23.9295,60.59
24-Apr-2020,159.77,46.728,23.9295,60.59
27-Apr-2020,161.64,47.159,24.2014,61.4368
27-Apr-2020,161.64,47.159,24.2014,61.4368
28-Apr-2020,162.43,47.668,24.3608,62.0893
28-Apr-2020,162.43,47.668,24.3608,62.0893
29-Apr-2020,164.14,48.364,24.3901,63.2374
29-Apr-2020,164.14,48.364,24.3901,63.2374
30-Apr-2020,166.36,49.257,24.9536,65.2677
30-Apr-2020,166.36,49.257,24.9536,65.2677
04-May-2020,160.99,47.37,24.1339,61.5064
04-May-2020,160.99,47.37,24.1339,61.5064
05-May-2020,159.74,47.115,24.0604,60.9293
05-May-2020,159.74,47.115,24.0604,60.9293
06-May-2020,160.53,47.32,24.3892,61.3613
06-May-2020,160.53,47.32,24.3892,61.3613
07-May-2020,159.6,46.971,24.4183,60.8859
07-May-2020,159.6,46.971,24.4183,60.8859
08-May-2020,160.4,46.92,24.4068,61.2327
08-May-2020,160.4,46.92,24.4068,61.2327
11-May-2020,160.7,46.759,24.6818,61.1509
11-May-2020,160.7,46.759,24.6818,61.1509
12-May-2020,160.24,46.85,24.9768,60.8691
12-May-2020,160.24,46.85,24.9768,60.8691
13-May-2020,162.09,47.623,25.0982,62.1065
13-May-2020,162.09,47.623,25.0982,62.1065
14-May-2020,160.52,46.748,24.8637,60.5125
14-May-2020,160.52,46.748,24.8637,60.5125
15-May-2020,160.3,46.715,24.8703,60.4729
15-May-2020,160.3,46.715,24.8703,60.4729
18-May-2020,156.9,45.534,24.4226,58.3966
18-May-2020,156.9,45.534,24.4226,58.3966
19-May-2020,157.39,45.497,24.6382,58.7653
19-May-2020,157.39,45.497,24.6382,58.7653
20-May-2020,159.44,46.21,24.8126,60.0062
20-May-2020,159.44,46.21,24.8126,60.0062
21-May-2020,159.9,46.372,25.3109,60.2688
21-May-2020,159.9,46.372,25.3109,60.2688
22-May-2020,159.35,46.051,25.1826,59.8248
22-May-2020,159.35,46.051,25.1826,59.8248
26-May-2020,159.32,46.034,25.3222,59.7565
26-May-2020,159.32,46.034,25.3222,59.7565
27-May-2020,161.23,47.05,25.7978,61.6483
27-May-2020,161.23,47.05,25.7978,61.6483
28-May-2020,163.14,47.647,26.0039,62.8077
28-May-2020,163.14,47.647,26.0039,62.8077
29-May-2020,164.08,48.04,26.172,63.4603
29-May-2020,164.08,48.04,26.172,63.4603
01-Jun-2020,166.79,48.886,26.4484,65.0883
01-Jun-2020,166.79,48.886,26.4484,65.0883
02-Jun-2020,168.22,49.395,26.8559,66.1016
02-Jun-2020,168.22,49.395,26.8559,66.1016
03-Jun-2020,169,49.72,26.9279,66.6579
03-Jun-2020,169,49.72,26.9279,66.6579
04-Jun-2020,168.7,49.498,26.9678,66.4429
04-Jun-2020,168.7,49.498,26.9678,66.4429
05-Jun-2020,169.96,50.173,27.1327,67.1907
05-Jun-2020,169.96,50.173,27.1327,67.1907
08-Jun-2020,169.9,50.399,27.4218,67.3578
08-Jun-2020,169.9,50.399,27.4218,67.3578
09-Jun-2020,168.45,49.964,27.3905,66.5576
09-Jun-2020,168.45,49.964,27.3905,66.5576
10-Jun-2020,169.24,50.245,27.5608,67.0176
10-Jun-2020,169.24,50.245,27.5608,67.0176
11-Jun-2020,167.12,49.55,27.3409,65.6027
11-Jun-2020,167.12,49.55,27.3409,65.6027
12-Jun-2020,168.12,49.613,26.9921,66.0716
12-Jun-2020,168.12,49.613,26.9921,66.0716
15-Jun-2020,166.63,48.906,26.8813,65.0176
15-Jun-2020,166.63,48.906,26.8813,65.0176
16-Jun-2020,167.71,49.353,26.9875,65.6808
16-Jun-2020,167.71,49.353,26.9875,65.6808
17-Jun-2020,167.5,49.391,27.1651,65.4632
17-Jun-2020,167.5,49.391,27.1651,65.4632
18-Jun-2020,169.08,50.238,27.4042,66.8569
18-Jun-2020,169.08,50.238,27.4042,66.8569
19-Jun-2020,170.51,50.771,27.5194,67.8841
19-Jun-2020,170.51,50.771,27.5194,67.8841
22-Jun-2020,171.23,51.062,27.8706,68.3262
22-Jun-2020,171.23,51.062,27.8706,68.3262
23-Jun-2020,172.86,51.708,28.2802,69.3838
23-Jun-2020,172.86,51.708,28.2802,69.3838
24-Jun-2020,171.27,51.029,28.232,68.2875
24-Jun-2020,171.27,51.029,28.232,68.2875
25-Jun-2020,171.44,51.011,28.0956,68.1773
25-Jun-2020,171.44,51.011,28.0956,68.1773
26-Jun-2020,172.42,51.451,28.2253,68.8005
29-Jun-2020,171.88,51.217,27.8588,68.3325
30-Jun-2020,172.22,51.176,27.7801,68.2639
01-Jul-2020,173.03,51.763,28.1744,69.1109
02-Jul-2020,174.15,52.127,28.6104,69.9486
03-Jul-2020,174.84,52.299,28.709,70.3169
06-Jul-2020,176.46,52.806,28.96,71.3556
07-Jul-2020,177.09,53.051,29.4929,71.5936
08-Jul-2020,175.86,52.938,29.4238,70.972
09-Jul-2020,176.83,53.305,29.5734,71.7434
10-Jul-2020,176.47,53.016,29.5454,71.4412
13-Jul-2020,176.68,52.859,29.5311,71.6744
14-Jul-2020,175.02,52.268,29.2022,70.3837
15-Jul-2020,175.11,52.381,29.4581,70.4552
16-Jul-2020,176.58,52.774,29.5901,71.2715
17-Jul-2020,178.22,53.326,29.7406,72.3411
20-Jul-2020,180.05,53.773,29.9723,73.1377
21-Jul-2020,180.85,54.285,30.263,74.0647
22-Jul-2020,180.4,54.281,30.0744,73.8681
23-Jul-2020,181.1,54.56,30.1815,74.4259
24-Jul-2020,180.55,54.413,30.1172,74.2847
27-Jul-2020,179.73,53.919,30.1098,73.8715
28-Jul-2020,181.17,54.195,30.4984,74.9879
29-Jul-2020,180.41,54.043,30.2734,74.3435
30-Jul-2020,179.95,53.641,30.2744,73.693
31-Jul-2020,180.34,53.694,30.5171,73.5028
03-Aug-2020,179.07,53.254,30.6111,72.3003
04-Aug-2020,181.35,53.924,30.8721,73.648
05-Aug-2020,181.4,53.847,30.9361,73.7085
06-Aug-2020,182.36,54.325,31.174,74.3799
07-Aug-2020,182.83,54.338,31.3896,74.4717
10-Aug-2020,184.18,54.892,31.5401,74.8427
11-Aug-2020,184.06,55.15,31.5636,75.1893
12-Aug-2020,183.84,55.243,31.4101,75.0955
13-Aug-2020,184.18,55.297,31.7106,75.0757
14-Aug-2020,182.78,54.839,31.4828,74.2673
17-Aug-2020,183.25,54.934,31.5596,74.7219
18-Aug-2020,185.04,55.415,31.7639,75.6381
19-Aug-2020,185.67,55.686,32.0265,75.7973
20-Aug-2020,185.26,55.481,31.8793,75.1594
21-Aug-2020,186.04,55.748,32.2625,75.5525
24-Aug-2020,187.07,56.246,32.4725,76.1809
25-Aug-2020,187.43,56.28,32.3806,76.2191
26-Aug-2020,187.99,56.411,32.8334,76.7493
27-Aug-2020,188.01,56.614,33.1546,76.8132
28-Aug-2020,188.45,57.021,33.0175,77.3978
31-Aug-2020,184.65,55.886,32.3832,75.6738
01-Sep-2020,185.71,56.125,32.3892,76.2214
02-Sep-2020,186.78,56.378,32.7439,76.6664
03-Sep-2020,186.84,56.298,32.9883,76.6185
04-Sep-2020,185.16,55.494,32.1776,75.3342
07-Sep-2020,184.74,55.45,31.9278,75.4724
08-Sep-2020,184.21,55.216,31.7821,75.2217
09-Sep-2020,183.73,54.91,31.4141,74.9599
10-Sep-2020,185.41,55.453,31.7539,76.0979
11-Sep-2020,185.82,55.401,31.6067,76.1966
14-Sep-2020,186.83,55.579,32.2025,76.0375
15-Sep-2020,188.04,56.141,32.5242,76.5808
16-Sep-2020,189.06,56.424,32.7755,77.1298
17-Sep-2020,188.16,56.061,32.6192,76.542
18-Sep-2020,187.78,55.851,32.7371,76.4676
21-Sep-2020,184.5,54.755,31.8982,74.7769
22-Sep-2020,183.61,54.277,31.7072,74.1331
23-Sep-2020,183.43,54.178,32.1309,73.9877
24-Sep-2020,180.16,53.058,31.2578,71.8163
25-Sep-2020,182.82,53.991,31.7158,73.4405
28-Sep-2020,185.06,54.745,32.6151,74.6173
29-Sep-2020,185.32,54.65,32.8038,74.5828
30-Sep-2020,185.7,54.672,32.9311,74.749
01-Oct-2020,187.23,55.353,32.9793,75.874
05-Oct-2020,187.85,55.603,32.9808,76.4469
06-Oct-2020,189.07,56.153,33.1664,77.503
07-Oct-2020,189.94,56.201,32.8483,78.0108
08-Oct-2020,191,56.472,33.1745,78.6468
09-Oct-2020,191.63,56.986,33.2753,79.1755
12-Oct-2020,191.89,57.005,33.5343,79.287
13-Oct-2020,191.68,56.819,33.8751,79.3105
14-Oct-2020,192.21,56.983,33.978,79.5726
15-Oct-2020,189.29,55.93,33.3889,77.6399
16-Oct-2020,190.33,56.395,33.4193,78.1853
19-Oct-2020,191,56.854,33.3435,78.9195
20-Oct-2020,191.51,56.978,33.0647,79.0771
21-Oct-2020,191.86,57.399,33.124,79.3479
22-Oct-2020,191.75,57.301,33.1976,79.08
23-Oct-2020,192.33,57.555,33.303,79.3729
26-Oct-2020,190.64,56.909,33.127,78.2918
27-Oct-2020,192.52,57.093,33.0021,79.0998
28-Oct-2020,190.94,56.555,32.9317,78.0591
29-Oct-2020,190.59,56.27,32.2751,77.6897
30-Oct-2020,189.85,56.165,32.5999,77.5007
02-Nov-2020,190.32,56.672,32.4394,77.6778
03-Nov-2020,191.93,57.397,32.6761,78.6367
04-Nov-2020,193.4,57.5,32.8761,79.3016
05-Nov-2020,195.64,58.226,33.6972,80.7088
06-Nov-2020,196.99,58.651,34.0565,81.6606
09-Nov-2020,199.2,59.462,34.2562,82.9745
10-Nov-2020,199.71,60.442,34.0118,84.1048
11-Nov-2020,201.04,60.947,34.2409,84.8894
12-Nov-2020,200.61,60.829,34.6493,84.5014
13-Nov-2020,201.21,60.971,34.642,84.6948
17-Nov-2020,202.87,61.73,34.9544,85.7236
18-Nov-2020,203.91,62.02,34.7961,86.1495
19-Nov-2020,201.98,61.498,34.5648,85.0407
20-Nov-2020,203.51,61.791,34.843,85.6198
23-Nov-2020,204.54,61.72,35.0249,86.0685
24-Nov-2020,205.89,62.278,35.2643,86.9256
25-Nov-2020,203.36,61.539,35.0459,85.615
26-Nov-2020,204.91,62.039,35.2447,86.4711
27-Nov-2020,205.48,62.134,35.4388,86.3506
01-Dec-2020,206.78,62.839,35.5085,87.283
02-Dec-2020,206.94,62.792,35.7294,87.3137
03-Dec-2020,206.86,62.875,35.8443,87.4467
04-Dec-2020,208.22,63.365,35.9516,88.2763
07-Dec-2020,209.05,63.881,36.0123,88.9234
08-Dec-2020,209.52,63.884,35.9132,89.1666
09-Dec-2020,210.66,64.406,36.1627,90.0737
10-Dec-2020,209.77,64.068,36.0559,89.736
11-Dec-2020,209.92,64.217,36.1476,89.9724
14-Dec-2020,210.43,64.497,36.1173,90.2668
15-Dec-2020,210.56,64.436,36.166,90.3314
16-Dec-2020,211.73,64.805,36.2895,91.095
17-Dec-2020,212.07,64.991,36.4074,91.5009
18-Dec-2020,212.68,65.111,36.3756,91.6325
21-Dec-2020,208.27,63.199,35.6173,88.7556
22-Dec-2020,209.69,63.632,35.9383,89.6728
23-Dec-2020,211.63,64.37,36.3964,90.5704
24-Dec-2020,213.31,64.887,36.5297,91.5565
28-Dec-2020,214.38,65.373,36.691,92.3811
29-Dec-2020,214.96,65.682,37.0368,92.7766
30-Dec-2020,215.57,65.763,37.252,93.1047
31-Dec-2020,215.73,65.957,37.053,93.1025
01-Jan-2021,216.18,66.187,37.1077,93.3472
04-Jan-2021,217.54,66.804,37.3289,94.1076
05-Jan-2021,218.7,67.175,37.2856,94.551
06-Jan-2021,218.47,67.121,37.2022,94.1961
07-Jan-2021,218.85,67.347,37.0564,94.1368
08-Jan-2021,221.17,67.734,37.4527,95.534
11-Jan-2021,222.37,68.039,37.7488,96.4502
12-Jan-2021,222.81,68.479,37.6249,96.9742
13-Jan-2021,222.67,68.577,37.6666,96.9833
14-Jan-2021,222.6,68.834,37.9094,97.1975
15-Jan-2021,220.66,68.302,37.5585,96.1188
18-Jan-2021,218.43,67.666,37.3077,95.099
19-Jan-2021,220.9,68.445,37.5345,96.6955
20-Jan-2021,222.28,68.791,37.9724,97.524
21-Jan-2021,221.84,68.385,38.1426,97.1688
22-Jan-2021,220.08,67.501,37.9322,95.7158
25-Jan-2021,219.22,67.459,37.9435,94.8297
27-Jan-2021,216.04,66.441,37.9117,93.0293
28-Jan-2021,214.85,66.132,37.6088,92.0284
29-Jan-2021,212.77,65.752,37.4573,90.8092
01-Feb-2021,219.53,68.486,37.7566,95.1108
02-Feb-2021,223.91,69.897,38.5137,97.5544
03-Feb-2021,225.57,70.646,38.939,98.4991
04-Feb-2021,226.98,71.164,39.6667,99.1988
05-Feb-2021,226.98,71.3,39.6704,99.3895
08-Feb-2021,229.61,72.324,40.0636,100.6653
09-Feb-2021,229.55,72.26,39.8827,100.6297
10-Feb-2021,229.58,72.141,39.8555,100.6104
11-Feb-2021,230.33,72.217,40.1078,101.077
12-Feb-2021,230.73,72.369,40.1535,101.0102
15-Feb-2021,232.61,73.178,40.2947,102.0304
16-Feb-2021,232.1,73.148,40.0928,102.0216
17-Feb-2021,231.52,73.193,40.0758,101.355
18-Feb-2021,230.52,73.058,40.1521,100.7562
19-Feb-2021,228.26,72.271,39.8057,99.8428
22-Feb-2021,225.02,71.121,39.3981,97.8732
23-Feb-2021,225.53,71.547,39.378,98.0857
24-Feb-2021,228.58,72.607,39.6774,99.9144
25-Feb-2021,229.21,73.009,39.7275,100.6818
26-Feb-2021,223.83,71.185,38.7602,96.8956
01-Mar-2021,226.11,72.096,39.2095,98.4438
02-Mar-2021,228.32,72.517,39.8112,99.4927
03-Mar-2021,231.51,73.562,39.7114,101.6653
04-Mar-2021,230.4,72.954,39.4738,100.5657
05-Mar-2021,228.3,72.098,39.1666,99.6147
08-Mar-2021,228.71,72.337,39.5209,99.7508
09-Mar-2021,229.83,72.38,39.1423,100.6977
10-Mar-2021,230.99,72.587,39.7004,101.206
12-Mar-2021,229.42,72.263,39.9518,100.2459
15-Mar-2021,228.39,71.943,39.7287,99.5857
16-Mar-2021,228.6,71.759,40.1228,99.4581
17-Mar-2021,226.24,71.062,40.0038,98.1956
18-Mar-2021,224.05,70.433,40.0461,97.1067
19-Mar-2021,225.96,71.039,40.2221,98.347
22-Mar-2021,225.83,70.798,40.2398,98.3033
23-Mar-2021,227,71.206,40.4179,98.8375
24-Mar-2021,224.31,70.115,40.1037,97.0672
25-Mar-2021,222.12,69.605,39.3294,95.5752
26-Mar-2021,224.39,70.172,39.4359,96.7892
30-Mar-2021,227.63,71.368,40.0552,99.0362
31-Mar-2021,226.66,71.024,39.929,98.0092
01-Apr-2021,228.46,71.799,40.3943,99.1867
05-Apr-2021,225.9,70.898,40.2649,97.6543
06-Apr-2021,226.48,70.879,40.8601,97.9587
07-Apr-2021,228.24,71.4,41.2016,98.8621
08-Apr-2021,228.95,71.496,41.4326,99.239
09-Apr-2021,228.67,71.243,41.7041,98.9785
12-Apr-2021,222.53,68.925,40.8867,95.4803
13-Apr-2021,224.37,69.927,40.883,96.7754
15-Apr-2021,224.81,70.267,40.8463,97.285
16-Apr-2021,225.63,70.311,41.3179,97.5248
19-Apr-2021,223.27,69.438,41.1096,95.8007
20-Apr-2021,222.81,69.376,40.9075,95.3802
22-Apr-2021,224.01,69.978,40.9852,96.111
23-Apr-2021,223.31,69.916,40.8799,95.678
26-Apr-2021,224.82,70.624,41.3497,96.6344
27-Apr-2021,227.35,71.294,41.6799,97.7554
28-Apr-2021,229.53,71.932,41.8809,99.1652
29-Apr-2021,229.86,72.026,42.0064,99.3985
30-Apr-2021,227.4,71.278,41.982,97.6394
03-May-2021,227.7,71.248,42.0204,97.658
04-May-2021,226.1,70.884,41.855,96.7396
05-May-2021,227.54,71.573,41.9752,97.5482
06-May-2021,228.98,71.804,42.175,98.2614
07-May-2021,229.39,72.152,42.4737,98.916
10-May-2021,230.69,72.882,42.7426,99.7095
11-May-2021,230.42,72.814,42.4239,99.0979
12-May-2021,228.57,72.351,42.167,98.0687
14-May-2021,227.95,72.281,41.8918,97.9426
17-May-2021,230.9,73.35,42.7157,99.5772
18-May-2021,233.88,74.014,42.8912,100.8102
19-May-2021,233.45,73.899,42.9504,100.2896
20-May-2021,232.09,73.562,42.6725,99.4609
21-May-2021,234.59,74.638,43.1322,101.2594
24-May-2021,235.14,75.041,43.1815,101.4074
25-May-2021,235.43,74.988,43.4738,101.51
26-May-2021,236.24,75.294,43.5286,102.13
27-May-2021,236.7,75.414,43.7327,102.3722
28-May-2021,236.55,75.514,43.6593,103.0241
31-May-2021,238.3,76.123,43.9154,104.1538
01-Jun-2021,238.01,75.798,43.7064,104.1
02-Jun-2021,238.52,75.956,43.594,104.1085
03-Jun-2021,240.48,76.299,43.6549,104.8923
04-Jun-2021,240.38,76.282,43.5795,104.7576
07-Jun-2021,241,76.728,43.9994,105.2986
08-Jun-2021,241.15,76.708,44.2381,105.2204
09-Jun-2021,240,76.264,43.9844,104.5216
10-Jun-2021,241.93,76.734,44.2492,105.2951
11-Jun-2021,242.38,76.945,44.4556,105.74
14-Jun-2021,242.63,76.933,44.3765,105.8446
15-Jun-2021,243.92,77.212,44.7675,106.2268
16-Jun-2021,242.98,76.847,44.6364,105.5476
17-Jun-2021,242.24,76.401,44.3599,105.0689
18-Jun-2021,242.06,76.179,44.4144,105.0139
21-Jun-2021,242.49,76.443,44.3401,105.4336
22-Jun-2021,242.97,76.637,44.404,105.6081
23-Jun-2021,242.41,76.527,44.5368,105.0345
24-Jun-2021,243.59,76.898,44.702,105.7305
25-Jun-2021,245.01,77.451,45.0229,106.1965
28-Jun-2021,245.06,77.372,45.087,105.8897
29-Jun-2021,244.4,77.184,45.2174,105.4901
30-Jun-2021,244.48,77.306,45.3363,105.3124
01-Jul-2021,244.29,77.308,45.4065,105.0343
02-Jul-2021,245.29,77.585,45.6437,105.3145
05-Jul-2021,246.66,78.177,46.0213,106.0723
06-Jul-2021,246.68,78.047,46.1244,105.9637
07-Jul-2021,247.48,78.468,46.1991,106.3733
08-Jul-2021,246.4,77.903,46.1702,105.3906
09-Jul-2021,246.34,77.725,46.1102,105.1398
12-Jul-2021,246.53,77.857,46.2927,105.1568
13-Jul-2021,247.95,78.517,47.0017,105.957
14-Jul-2021,248.45,78.617,47.4627,106.2426
15-Jul-2021,249.17,78.893,47.8948,106.7359
16-Jul-2021,249.5,79.066,47.9662,106.73
19-Jul-2021,247.94,78.543,48.0813,105.5851
20-Jul-2021,246.33,77.861,47.3828,104.7803
22-Jul-2021,248.91,78.835,47.7839,106.0728
23-Jul-2021,249.45,79.083,48.2058,106.3148
26-Jul-2021,249.6,78.944,48.9397,106.1018
27-Jul-2021,248.77,78.687,48.6002,105.589
28-Jul-2021,248.33,78.786,48.1594,105.3737
29-Jul-2021,249.75,79.035,48.5106,105.8566
30-Jul-2021,249.88,78.822,48.4446,105.7525
02-Aug-2021,251.76,79.091,48.4054,106.5745
03-Aug-2021,254.11,79.711,48.4749,108.2187
04-Aug-2021,254.29,80.067,48.394,109.0747
05-Aug-2021,254.01,80.032,48.6771,109.3287
06-Aug-2021,252.84,79.833,48.8053,108.9504
09-Aug-2021,252.83,79.727,48.7229,109.0901
10-Aug-2021,253.14,79.412,48.5483,109.2355
11-Aug-2021,252.89,79.332,48.1979,109.2511
12-Aug-2021,254.5,79.76,48.4442,109.8129
13-Aug-2021,256.06,80.262,48.8012,110.9154
16-Aug-2021,255.76,80.109,48.652,111.1413
17-Aug-2021,256.87,80.007,48.918,111.4956
18-Aug-2021,256.57,79.687,48.6445,111.1882
20-Aug-2021,254.62,78.74,48.2933,110.3933
23-Aug-2021,254.38,78.69,48.4876,110.7034
24-Aug-2021,255.9,79.166,48.8341,111.562
25-Aug-2021,255.84,79.312,48.8973,111.6281
26-Aug-2021,256.08,79.264,48.9972,111.6428
27-Aug-2021,257.05,79.708,49.103,112.1005
30-Aug-2021,260.59,80.574,49.8897,113.613
31-Aug-2021,263.37,81.157,50.4461,114.9608
01-Sep-2021,263.3,81.218,50.6429,114.5849
02-Sep-2021,265.05,81.607,50.8516,115.655
03-Sep-2021,265.83,82.001,50.8748,116.2552
06-Sep-2021,266.59,82.049,51.1825,116.6162
07-Sep-2021,266.45,82.02,51.1614,116.5099
08-Sep-2021,266.58,82.19,51.5152,116.5003
09-Sep-2021,266.62,82.272,51.6646,116.6052
13-Sep-2021,267.04,82.207,51.6794,116.5092
14-Sep-2021,267.56,82.396,51.8374,116.6741
15-Sep-2021,269.05,83.008,52.2115,117.608
16-Sep-2021,269.72,83.556,52.8298,118.3458
17-Sep-2021,268.37,83.221,52.6471,118.0474
20-Sep-2021,265.78,82.255,52.1725,116.7835
21-Sep-2021,267.03,82.687,52.3178,117.8897
22-Sep-2021,266.87,82.696,52.6773,117.7855
23-Sep-2021,269.92,83.623,53.1066,119.6359
24-Sep-2021,269.79,83.577,53.0437,119.8374
27-Sep-2021,269.45,83.616,53.1759,119.8484
28-Sep-2021,267.22,83.376,52.7502,119.1323
29-Sep-2021,266.89,83.294,52.3671,118.8807
30-Sep-2021,266.93,83.025,52.3564,118.2545
01-Oct-2021,265.88,82.766,51.9893,117.6755
04-Oct-2021,267.98,83.374,52.6366,118.7426
05-Oct-2021,268.89,83.729,52.166,119.6317
06-Oct-2021,266.64,83.116,52.0733,118.4486
07-Oct-2021,269.37,83.608,52.6194,119.4156
08-Oct-2021,269.94,84.053,53.271,120.1176
11-Oct-2021,270.83,84.606,53.9114,120.4562
12-Oct-2021,271.05,84.765,53.9816,120.7638
13-Oct-2021,273.19,85.299,54.1497,121.9015
14-Oct-2021,274.36,86.101,54.7199,123.0979
18-Oct-2021,275.52,86.683,55.1387,124.0243
19-Oct-2021,273.58,86.087,55.3163,123.633
20-Oct-2021,271.2,85.675,54.8756,122.6115
21-Oct-2021,270.11,85.57,54.3197,122.0338
22-Oct-2021,269.25,85.386,54.0658,121.6091
25-Oct-2021,269.34,85.751,53.2408,121.6768
26-Oct-2021,271.46,86.297,53.5766,122.7486
27-Oct-2021,271.17,86.311,53.6498,122.3605
28-Oct-2021,268.07,84.849,53.0647,119.989
29-Oct-2021,267.08,84.323,53.1438,118.7421
01-Nov-2021,269.78,84.956,53.7905,120.4718
02-Nov-2021,270.07,84.866,53.7451,120.2123
03-Nov-2021,269.74,84.844,53.548,119.8106
08-Nov-2021,271.72,85.96,54.8171,121.4129
09-Nov-2021,272.55,86.073,54.8221,121.2491
10-Nov-2021,272.3,86.165,55.0145,121.0668
11-Nov-2021,270.82,85.776,54.3384,120.1282
12-Nov-2021,273.26,86.269,54.5542,121.6661
15-Nov-2021,273.44,86.266,55.2368,121.7089
16-Nov-2021,272.34,85.813,55.1374,120.9674
17-Nov-2021,271.47,85.534,55.0688,120.2916
18-Nov-2021,269.52,84.852,54.5367,119.392
22-Nov-2021,265.16,83.576,54.1178,117.0807
23-Nov-2021,266.35,84.119,54.224,117.6624
24-Nov-2021,265.73,83.908,53.9649,117.0697
25-Nov-2021,266.59,84.154,54.0364,117.8829
26-Nov-2021,260.85,82.134,53.3463,114.456
29-Nov-2021,261.03,81.686,52.5746,114.6392
30-Nov-2021,261.22,81.98,53.1762,114.1637
01-Dec-2021,262.94,82.598,53.0511,115.3965
02-Dec-2021,264.89,83.147,53.462,116.9738
03-Dec-2021,263.32,82.771,53.426,115.5983
06-Dec-2021,260.09,81.999,52.5329,113.685
07-Dec-2021,262.78,82.926,53.3228,115.4588
08-Dec-2021,266.52,83.874,54.418,117.4264
09-Dec-2021,266.83,84.196,54.7846,117.7422
10-Dec-2021,267.14,84.064,55.108,117.7039
13-Dec-2021,266.6,83.831,55.115,116.7414
14-Dec-2021,266.28,83.927,55.0658,116.4491
15-Dec-2021,265.24,83.685,54.4507,115.7529
16-Dec-2021,265.32,83.522,54.3922,115.9331
17-Dec-2021,262.63,82.572,53.5048,114.164
20-Dec-2021,258.12,81.106,52.3958,111.6671
21-Dec-2021,260.08,81.529,52.414,112.7164
22-Dec-2021,263,82.251,53.1946,113.9915
23-Dec-2021,264.38,82.684,53.5286,114.7778
24-Dec-2021,263.33,82.328,53.4319,114.3147
27-Dec-2021,264.45,82.601,53.6276,114.867
28-Dec-2021,266.25,83.047,54.092,115.8537
29-Dec-2021,266.11,83.069,53.9326,115.721
30-Dec-2021,265.86,82.981,53.9981,115.6533
31-Dec-2021,268.06,83.438,54.4581,116.6613
03-Jan-2022,270.83,84.388,54.5884,118.485
04-Jan-2022,272.11,84.816,54.8749,119.6983
05-Jan-2022,272.9,85.058,54.8129,120.5051
06-Jan-2022,271.67,84.631,54.0152,119.2976
07-Jan-2022,272.58,84.832,54.0384,119.7459
10-Jan-2022,274.42,85.857,54.2704,121.0247
11-Jan-2022,274.71,85.893,54.3167,121.3768
12-Jan-2022,276.61,86.537,54.7346,122.4286
13-Jan-2022,277.47,86.867,55.0629,122.7332
14-Jan-2022,277.71,86.896,54.6273,122.7189
17-Jan-2022,278.38,86.961,54.7944,123.0684
18-Jan-2022,275.83,86.226,54.4037,121.7567
19-Jan-2022,274.35,85.912,53.966,120.5931
20-Jan-2022,272.92,85.654,53.9155,119.3893
21-Jan-2022,270.27,84.906,53.2473,118.4501
24-Jan-2022,264.64,83.393,51.772,115.3031
25-Jan-2022,266.36,84.28,52.3539,116.1675
27-Jan-2022,264.47,84.048,51.6695,115.0393
28-Jan-2022,264.47,84.09,51.6481,114.9831
31-Jan-2022,267.42,84.831,52.4968,116.58
01-Feb-2022,270.12,85.444,53.3101,118.1711
02-Feb-2022,271.58,86.231,53.9684,119.5338
03-Feb-2022,269.46,85.497,54.3661,118.0852
04-Feb-2022,269.22,85.302,52.5837,117.7894
07-Feb-2022,266.2,84.467,52.4854,115.7549
08-Feb-2022,266.19,84.37,52.2274,116.111
09-Feb-2022,268.79,85.038,52.6151,117.4595
10-Feb-2022,270.15,85.702,53.1541,118.4215
11-Feb-2022,266.82,84.835,52.4694,116.8669
14-Feb-2022,260.75,82.683,50.9963,113.3621
15-Feb-2022,266.54,84.312,51.8092,116.7853
16-Feb-2022,265.88,84.123,52.0243,116.6106
17-Feb-2022,265.28,83.866,51.8893,116.4914
18-Feb-2022,264.74,83.734,51.3431,116.3008
21-Feb-2022,264.02,83.432,50.8782,115.8678
22-Feb-2022,262.92,82.9,50.4575,115.097
23-Feb-2022,262.99,83.006,50.3166,114.9014
24-Feb-2022,253.88,80.161,48.3898,109.4151
25-Feb-2022,259.04,81.737,50.0091,112.1685
28-Feb-2022,260.42,82.326,50.3107,113.0797
02-Mar-2022,257.93,81.612,49.8861,111.8124
03-Mar-2022,255.7,81.507,50.1049,111.0856
04-Mar-2022,252.33,80.75,49.4208,109.3848
07-Mar-2022,247.23,79.138,48.5862,106.8099
08-Mar-2022,249.14,79.626,48.2589,107.8181
09-Mar-2022,252.73,80.686,48.6393,110.0472
10-Mar-2022,255.5,81.419,49.6502,111.7242
11-Mar-2022,256.06,81.604,49.9919,111.9613
14-Mar-2022,258.18,82.44,50.0546,113.581
15-Mar-2022,256.85,81.857,49.46,112.1779
16-Mar-2022,260.17,82.769,50.5005,114.2799
17-Mar-2022,262.61,83.562,51.3406,116.3772
21-Mar-2022,260.97,83.151,51.4958,115.2336
22-Mar-2022,262.44,83.788,51.6393,116.5643
23-Mar-2022,262.03,83.533,52.0889,116.0939
24-Mar-2022,261.83,83.501,52.0626,115.9386
25-Mar-2022,260.99,83.402,52.0338,115.4683
28-Mar-2022,261.87,83.519,52.2572,115.931
29-Mar-2022,263.37,83.884,52.2612,116.6273
30-Mar-2022,265.13,84.463,52.5583,117.7887
31-Mar-2022,264.82,84.373,52.5141,117.5625
01-Apr-2022,266.54,85.258,52.8609,118.9464
04-Apr-2022,269.72,86.576,53.9793,121.5238
05-Apr-2022,269.82,86.529,54.7857,120.8889
06-Apr-2022,268.34,86.337,54.4538,119.8815
07-Apr-2022,267.12,85.933,53.7773,118.7499
08-Apr-2022,268.47,86.401,54.0076,119.7239
11-Apr-2022,267.55,86.11,53.4823,118.985
12-Apr-2022,265.98,85.608,52.5707,118.0104
13-Apr-2022,265.55,85.648,52.2541,117.6406
18-Apr-2022,262.56,84.707,51.667,115.6049
19-Apr-2022,260.55,83.946,51.2306,114.1597
20-Apr-2022,261.98,84.239,51.6804,115.3559
21-Apr-2022,264.64,85.089,51.7525,117.0834
22-Apr-2022,262.1,84.32,51.0161,115.5977
25-Apr-2022,259.68,83.611,50.2483,114.1275
26-Apr-2022,261.86,84.404,51.0977,115.7886
27-Apr-2022,259.66,83.779,50.3224,114.695
28-Apr-2022,261.66,84.438,50.6732,116.1143
29-Apr-2022,259.94,83.757,50.7205,115.1546
02-May-2022,259,83.703,49.9622,114.9271
04-May-2022,254.09,82.163,49.6482,112.2908
05-May-2022,254.34,82.132,49.9435,112.3236
06-May-2022,250.77,81.389,49.0081,110.4983
09-May-2022,249.4,80.877,48.7994,109.7604
10-May-2022,248.42,80.605,48.1193,109.3441
11-May-2022,247.62,80.082,48.1258,108.8522
12-May-2022,244.02,78.954,47.0201,106.5384
13-May-2022,243.92,78.865,47.1498,106.3637
16-May-2022,245.16,79.31,47.6371,106.7664
17-May-2022,249.67,80.672,48.3132,109.5712
18-May-2022,249.54,80.355,48.4873,109.4421
19-May-2022,245.24,79.184,47.5502,106.5399
20-May-2022,249.25,80.719,48.1445,109.6114
23-May-2022,248.92,80.457,47.9598,109.2632
24-May-2022,247.69,80.201,48.015,108.6599
25-May-2022,246.26,79.652,47.4122,108.0673
26-May-2022,247.97,80.227,47.7411,109.1221
27-May-2022,250.15,80.768,48.4457,110.348
30-May-2022,253.94,81.916,49.2537,112.4261
31-May-2022,253.5,81.724,49.5594,112.0841
01-Jun-2022,252.87,81.834,49.4131,111.6674
02-Jun-2022,253.84,82.049,49.2763,112.3748
03-Jun-2022,252.03,81.805,49.3231,112.0798
06-Jun-2022,251.52,81.721,48.8664,111.9786
07-Jun-2022,250.06,81.216,48.8466,110.9464
08-Jun-2022,249.37,80.946,48.7184,110.5414
09-Jun-2022,250.67,81.307,48.8738,111.3771
10-Jun-2022,248.31,80.556,48.2221,109.5162
13-Jun-2022,243.71,78.886,47.0186,106.6354
14-Jun-2022,243.33,78.826,46.4984,106.3497
15-Jun-2022,243.48,78.737,46.5659,106.1696
16-Jun-2022,239.9,77.569,46.0539,103.9365
17-Jun-2022,239,77.441,45.433,103.4835
20-Jun-2022,239.23,77.122,45.4885,103.8737
21-Jun-2022,242.56,78.257,46.1855,105.8175
22-Jun-2022,240.41,77.519,45.919,104.2998
23-Jun-2022,242.31,78.098,46.131,105.2644
24-Jun-2022,243.91,78.671,46.7348,106.2243
27-Jun-2022,245.56,79.468,47.5907,107.1169
28-Jun-2022,245.7,79.517,47.3139,107.2382
29-Jun-2022,245.12,79.309,46.715,106.8932
30-Jun-2022,245.15,79.347,46.8274,106.8022
01-Jul-2022,245.21,79.33,46.8073,106.611
04-Jul-2022,246.96,79.944,47.1749,107.1969
05-Jul-2022,246.71,79.903,47.1476,107.0306
06-Jul-2022,249.24,80.368,47.8395,108.2384
07-Jul-2022,250.96,81.02,48.2713,109.2075
08-Jul-2022,251.94,81.451,48.7315,109.8037
11-Jul-2022,251.95,81.57,48.8655,109.7764
12-Jul-2022,250.29,81.007,48.4055,108.7101
13-Jul-2022,249.94,80.832,47.9708,108.0915
14-Jul-2022,249.3,80.666,47.6812,107.9371
15-Jul-2022,250.75,80.923,47.6411,108.6845
18-Jul-2022,253.4,81.867,48.2078,110.2317
19-Jul-2022,254.45,82.267,48.2224,110.666
20-Jul-2022,255.84,82.715,48.8662,111.8838
21-Jul-2022,257.15,83.371,49.2078,112.5238
22-Jul-2022,258.12,83.732,49.4641,113.2945
25-Jul-2022,258.22,83.539,49.0597,112.6946
26-Jul-2022,256.74,83.02,48.735,111.6995
27-Jul-2022,258.43,83.567,48.6198,112.7831
28-Jul-2022,260.64,84.202,49.6669,114.7291
29-Jul-2022,262.99,84.755,49.9775,116.2761
01-Aug-2022,265.24,85.583,50.6558,117.5158
02-Aug-2022,265.24,85.599,50.6442,117.5585
03-Aug-2022,265.08,85.589,50.5703,117.8589
04-Aug-2022,265.48,85.608,50.8873,117.8161
05-Aug-2022,265.85,85.735,50.9908,117.9205
08-Aug-2022,267.16,86.119,51.2029,118.8406
10-Aug-2022,267.23,86.284,51.2162,118.9266
11-Aug-2022,269.21,86.809,51.8196,119.8095
12-Aug-2022,269.59,87.206,51.8644,120.0782
16-Aug-2022,271.34,87.58,52.368,120.9371
17-Aug-2022,272.49,87.991,52.7112,121.7415
18-Aug-2022,272.39,88.042,52.6126,121.8874
19-Aug-2022,269.99,87.463,52.2012,120.571
22-Aug-2022,267.18,86.675,51.438,118.7547
23-Aug-2022,268.23,87.208,51.3001,119.3424
24-Aug-2022,268.99,87.444,51.3688,119.5278
25-Aug-2022,268.58,87.269,51.2292,118.9679
26-Aug-2022,269.05,87.482,51.5554,119.2143
29-Aug-2022,266.63,86.749,50.7145,117.545
30-Aug-2022,271.42,88.098,51.3263,120.5704
01-Sep-2022,270.21,87.653,51.1309,119.1008
02-Sep-2022,270.35,87.821,51.1622,119.0774
05-Sep-2022,271.54,88.349,51.3348,119.9317
06-Sep-2022,271.56,88.317,51.4646,119.8617
07-Sep-2022,271.43,88.137,51.377,119.6495
08-Sep-2022,273.16,88.986,52.2687,120.8316
09-Sep-2022,274.05,89.153,52.4691,121.0654
12-Sep-2022,275.75,89.723,52.8258,121.7632
13-Sep-2022,276.85,90.06,53.1433,122.6705
14-Sep-2022,276.16,90.067,52.7911,122.2199
15-Sep-2022,275.64,89.878,52.7059,121.3615
16-Sep-2022,271.23,88.589,51.7146,119.0103
19-Sep-2022,271.79,88.731,51.7473,119.6285
20-Sep-2022,274.02,89.361,52.308,120.9447
21-Sep-2022,272.78,88.916,51.9906,120.2797
22-Sep-2022,272.12,88.41,51.6029,119.6786
23-Sep-2022,268.44,87.032,50.996,117.6246
26-Sep-2022,264.24,85.691,50.1478,115.5109
27-Sep-2022,264.37,85.732,49.9832,115.4497
28-Sep-2022,262.71,85.022,49.5671,114.4399
29-Sep-2022,262.89,85.103,49.7331,114.1609
30-Sep-2022,266.04,86.229,49.892,116.0354
03-Oct-2022,263.59,85.603,49.6832,114.6288
04-Oct-2022,267.72,86.876,50.5757,117.2595
06-Oct-2022,268.93,87.31,51.2132,117.6482
07-Oct-2022,268.75,87.265,51.2764,117.5312
10-Oct-2022,267.88,86.899,50.6906,117.0295
11-Oct-2022,265.21,86.092,50.2449,115.2811
12-Oct-2022,266.85,86.576,50.4695,116.2309
13-Oct-2022,265.32,86.056,50.4082,115.4886
14-Oct-2022,266.6,86.647,50.7986,116.6512
17-Oct-2022,267.97,87.19,50.6426,117.5178
18-Oct-2022,269.74,87.93,51.3218,118.7062
19-Oct-2022,269.89,87.935,51.5791,118.8933
20-Oct-2022,270.05,88.162,51.4843,119.2432
21-Oct-2022,270.19,88.203,51.5748,119.3263
25-Oct-2022,272.29,88.916,52.2518,119.8674
27-Oct-2022,273.08,89.193,52.1107,120.506
28-Oct-2022,272.51,89.126,51.5216,120.8439
31-Oct-2022,275.16,89.877,51.9464,122.3812
01-Nov-2022,276.68,90.159,51.9849,123.3081
02-Nov-2022,276.17,90.047,51.7054,122.8827
03-Nov-2022,275.94,90.09,51.3125,122.6776
04-Nov-2022,275.75,90.089,50.9681,123.1142
07-Nov-2022,276.93,90.686,51.4519,123.6935
09-Nov-2022,276.26,90.656,51.7279,123.3988
10-Nov-2022,274.71,90.043,51.2877,122.5228
11-Nov-2022,277.14,90.959,52.2551,124.7059
14-Nov-2022,276.72,90.787,52.3423,124.5638
15-Nov-2022,277.58,91.186,52.3847,125.0667
16-Nov-2022,277.21,91.31,52.5302,125.1082
17-Nov-2022,276.78,91.317,52.3356,124.6612
18-Nov-2022,276.35,91.276,52.1584,124.4145
21-Nov-2022,275.38,90.94,52.0208,123.4102
22-Nov-2022,276.12,91.193,51.9944,123.9817
23-Nov-2022,276.51,91.274,52.054,124.137
24-Nov-2022,278.44,92.118,52.4977,125.6073
25-Nov-2022,278.76,92.147,52.5193,125.8012
28-Nov-2022,279.67,92.403,52.5076,126.1389
29-Nov-2022,279.94,92.334,52.2731,126.5137
30-Nov-2022,281.11,92.699,52.5166,127.4653
01-Dec-2022,282.47,92.919,53.0001,127.8321
02-Dec-2022,281.75,92.707,52.8816,127.0406
05-Dec-2022,281.69,92.82,52.8884,127.0721
06-Dec-2022,280.59,92.636,52.6323,126.6753
07-Dec-2022,279.72,92.529,52.236,126.1163
08-Dec-2022,280.56,93.215,52.2439,126.4474
09-Dec-2022,279.57,92.903,52.0462,125.6805
12-Dec-2022,279.58,93.092,52.0796,125.6827
13-Dec-2022,280.56,93.426,52.4048,126.4348
14-Dec-2022,281.31,93.544,52.7428,126.7894
15-Dec-2022,278.86,92.65,52.3737,125.1191
16-Dec-2022,276.74,92.05,51.7298,124.1274
19-Dec-2022,278,92.407,52.0402,125.1541
20-Dec-2022,277.84,92.336,51.8258,124.9142
21-Dec-2022,275.44,91.328,51.5514,123.649
22-Dec-2022,274.56,90.979,51.4078,123.1611
23-Dec-2022,270.43,89.573,50.3658,120.9826
26-Dec-2022,273.87,90.879,50.9555,122.3926
27-Dec-2022,275.16,91.322,51.1004,123.1915
28-Dec-2022,274.91,91.319,51.006,123.1243
29-Dec-2022,275.63,91.823,51.0117,123.5879
30-Dec-2022,275.03,91.432,51.0328,123.0044
02-Jan-2023,276.2,91.927,51.0882,123.6291
03-Jan-2023,276.78,92.03,51.2259,123.8666
04-Jan-2023,274.76,91.352,51.031,122.5782
05-Jan-2023,274.13,91.17,50.919,122.2323
06-Jan-2023,272.58,90.817,50.5032,121.3296
09-Jan-2023,275.03,91.716,51.0789,122.9688
10-Jan-2023,273.52,91.121,50.9772,121.6982
11-Jan-2023,273.54,91.12,50.9837,121.5719
12-Jan-2023,273.46,90.973,51.3246,121.3164
13-Jan-2023,274.26,91.204,51.6212,121.9845
16-Jan-2023,273.24,91.045,51.5313,121.5633
17-Jan-2023,274.21,91.334,51.6338,122.6381
18-Jan-2023,275.28,91.727,51.75,123.3972
19-Jan-2023,274.99,91.804,51.7515,123.0224
20-Jan-2023,273.72,91.738,51.731,122.4775
23-Jan-2023,274.36,92.091,52.4271,123.0927
24-Jan-2023,273.91,91.768,52.5474,123.0926
25-Jan-2023,271.08,90.814,51.9664,121.5562
27-Jan-2023,268.33,89.593,51.856,119.6022
30-Jan-2023,268.77,89.337,52.0371,119.9028
31-Jan-2023,269.74,90.065,51.969,119.9915
01-Feb-2023,270.07,90.07,52.3241,119.6792
02-Feb-2023,270.96,90.41,52.5869,119.6383
03-Feb-2023,273.03,91.091,53.6078,121.2902
06-Feb-2023,272.84,90.992,53.2821,120.6809
07-Feb-2023,272.39,90.869,53.0658,120.3876
08-Feb-2023,273.89,91.114,53.4666,121.4184
09-Feb-2023,274.35,91.227,52.9848,121.5649
10-Feb-2023,274.46,91.316,52.6782,121.3135
13-Feb-2023,273.03,90.992,52.4751,120.7303
14-Feb-2023,273.97,91.524,52.8227,121.8091
15-Feb-2023,274.6,91.784,52.8794,122.473
16-Feb-2023,275.41,91.908,53.0012,122.608
17-Feb-2023,274.27,91.617,52.7128,121.985
20-Feb-2023,273.83,91.348,52.5665,121.3072
21-Feb-2023,273.35,91.265,52.5544,121.1848
22-Feb-2023,270.95,90.526,52.0666,119.3359
23-Feb-2023,270.62,90.447,52.0787,119.0428
24-Feb-2023,270.36,90.255,52.1252,118.7346
27-Feb-2023,269.17,89.982,51.9471,118.2365
28-Feb-2023,268.54,89.641,51.9826,117.6325
01-Mar-2023,270.35,90.166,52.3198,118.6294
02-Mar-2023,268.94,89.767,52.1887,117.753
03-Mar-2023,271.39,90.739,52.5275,119.6006
